Workbook

Sheet PD_TermStructure
A1: IFRS 9 ECL Engine — Phase 2: PD Term Structure
A3: CUMULATIVE PD CURVE
A4: Year | B4: Cum PD (%) | C4: Survival S(t) | D4: Forward PD | E4: Marginal PD
A5: 1 | B5: 0.0005 | C5: =1-B5 -> 0.9995 | D5: =1-C5 -> 0.0005 | E5: =D5/1 -> 0.0005
A6: 2 | B6: 0.0014 | C6: =1-B6 -> 0.9986 | D6: =C5-C6 -> 0.0009 | E6: =D6/C5 -> 0.00090045023
A7: 3 | B7: 0.0028 | C7: =1-B7 -> 0.9972 | D7: =C6-C7 -> 0.0014 | E7: =D7/C6 -> 0.0014019627
A8: 4 | B8: 0.0041 | C8: =1-B8 -> 0.9959 | D8: =C7-C8 -> 0.0013 | E8: =D8/C7 -> 0.0013036502
A9: 5 | B9: 0.0056 | C9: =1-B9 -> 0.9944 | D9: =C8-C9 -> 0.0015 | E9: =D9/C8 -> 0.0015061753
A10: 6 | B10: 0.0076 | C10: =1-B10 -> 0.9924 | D10: =C9-C10 -> 0.002 | E10: =D10/C9 -> 0.0020112631
A11: 7 | B11: 0.0093 | C11: =1-B11 -> 0.9907 | D11: =C10-C11 -> 0.0017 | E11: =D11/C10 -> 0.0017130189
A12: 8 | B12: 0.0109 | C12: =1-B12 -> 0.9891 | D12: =C11-C12 -> 0.0016 | E12: =D12/C11 -> 0.0016150197
A13: 9 | B13: 0.0127 | C13: =1-B13 -> 0.9873 | D13: =C12-C13 -> 0.0018 | E13: =D13/C12 -> 0.0018198362
A14: 10 | B14: 0.0143 | C14: =1-B14 -> 0.9857 | D14: =C13-C14 -> 0.0016 | E14: =D14/C13 -> 0.0016205814
A15: Source: S&P 2024 Global Default Study, Table 25 (European BBB, 1981-2024)

Sheet Lifetime_ECL
A1: IFRS 9 — Lifetime ECL Calculation (Stage 2)
A3: INPUTS
A4: Principal (€) | B4: 1000000
A5: Rating | B5: BBB
A6: LGD | B6: 0.45
A7: EIR | B7: 0.035
A8: Maturity (years) | B8: 5
A9: Amortisation | B9: Bullet
A11: LIFETIME ECL BREAKDOWN
A12: Year | B12: EAD (BOP) | C12: Cum PD | D12: Survival | E12: Forward PD | F12: Marginal PD | G12: LGD | H12: Nominal EL | I12: Discount Factor | J12: Period ECL | K12: Cumulative ECL
A13: 1 | B13: =Principal -> 1000000 | C13: =PD_TermStructure!B5 -> 0.0005 | D13: =PD_TermStructure!C5 -> 0.9995 | E13: =PD_TermStructure!D5 -> 0.0005 | F13: =PD_TermStructure!E5 -> 0.0005 | G13: =LGD2 -> 0.45 | H13: =E13*G13*B13 -> 225 | I13: =1/(1+EIR2)^A13 -> 0.96618357 | J13: =H13*I13 -> 217.3913 | K13: =SUM(J13:J13) -> 217.3913
A14: 2 | B14: =Principal -> 1000000 | C14: =PD_TermStructure!B6 -> 0.0014 | D14: =PD_TermStructure!C6 -> 0.9986 | E14: =PD_TermStructure!D6 -> 0.0009 | F14: =PD_TermStructure!E6 -> 0.00090045023 | G14: =LGD2 -> 0.45 | H14: =E14*G14*B14 -> 405 | I14: =1/(1+EIR2)^A14 -> 0.9335107 | J14: =H14*I14 -> 378.07183 | K14: =SUM(J13:J14) -> 595.46314
A15: 3 | B15: =Principal -> 1000000 | C15: =PD_TermStructure!B7 -> 0.0028 | D15: =PD_TermStructure!C7 -> 0.9972 | E15: =PD_TermStructure!D7 -> 0.0014 | F15: =PD_TermStructure!E7 -> 0.0014019627 | G15: =LGD2 -> 0.45 | H15: =E15*G15*B15 -> 630 | I15: =1/(1+EIR2)^A15 -> 0.90194271 | J15: =H15*I15 -> 568.2239 | K15: =SUM(J13:J15) -> 1163.687
A16: 4 | B16: =Principal -> 1000000 | C16: =PD_TermStructure!B8 -> 0.0041 | D16: =PD_TermStructure!C8 -> 0.9959 | E16: =PD_TermStructure!D8 -> 0.0013 | F16: =PD_TermStructure!E8 -> 0.0013036502 | G16: =LGD2 -> 0.45 | H16: =E16*G16*B16 -> 585 | I16: =1/(1+EIR2)^A16 -> 0.87144223 | J16: =H16*I16 -> 509.7937 | K16: =SUM(J13:J16) -> 1673.4807
A17: 5 | B17: =Principal -> 1000000 | C17: =PD_TermStructure!B9 -> 0.0056 | D17: =PD_TermStructure!C9 -> 0.9944 | E17: =PD_TermStructure!D9 -> 0.0015 | F17: =PD_TermStructure!E9 -> 0.0015061753 | G17: =LGD2 -> 0.45 | H17: =E17*G17*B17 -> 675 | I17: =1/(1+EIR2)^A17 -> 0.84197317 | J17: =H17*I17 -> 568.33189 | K17: =SUM(J13:J17) -> 2241.8126
A18: TOTAL | H18: =SUM(H13:H17) -> 2520 | J18: =SUM(J13:J17) -> 2241.8126
A20: STAGE COMPARISON
A21: 12-Month ECL (Stage 1) | B21: =J13 -> 217.3913
A22: Lifetime ECL (Stage 2) | B22: =J18 -> 2241.8126
A23: Cliff Effect (ratio) | B23: =B22/B21 -> 10.312338
A25: The cliff effect shows the P&L impact when a loan migrates from Stage 1 to Stage 2.
A26: This is a key concern for European supervisors (ACPR, ECB) — see EBA GL/2017/06.
